
-- Copilotilla generoitua testidataa

-- Testidataa sauna-tauluun
INSERT INTO sauna_private.sauna (id, name, street_address, postal_code, city) VALUES
('550e8400-e29b-41d4-a716-446655440000', 'Keskustan Sauna', 'Keskuskatu 1', '00100', 'Helsinki'),
('550e8400-e29b-41d4-a716-446655440001', 'Lähiösauna', 'Lähiökatu 5', '00200', 'Espoo'),
('550e8400-e29b-41d4-a716-446655440008', 'Rantasauna', 'Rantatie 10', '00300', 'Vantaa'),
('550e8400-e29b-41d4-a716-446655440009', 'Metsäsauna', 'Metsätie 15', '00400', 'Tampere');

-- Testidataa opening_hour-tauluun
INSERT INTO sauna_private.opening_hour (id, sauna_id, weekday, opening_time, closing_time) VALUES
('550e8400-e29b-41d4-a716-446655440002', '550e8400-e29b-41d4-a716-446655440000', 'MONDAY', '08:00:00', '20:00:00'),
('550e8400-e29b-41d4-a716-446655440003', '550e8400-e29b-41d4-a716-446655440000', 'TUESDAY', '08:00:00', '20:00:00'),
('550e8400-e29b-41d4-a716-446655440004', '550e8400-e29b-41d4-a716-446655440001', 'WEDNESDAY', '10:00:00', '22:00:00'),
('550e8400-e29b-41d4-a716-446655440010', '550e8400-e29b-41d4-a716-446655440008', 'THURSDAY', '09:00:00', '21:00:00'),
('550e8400-e29b-41d4-a716-446655440011', '550e8400-e29b-41d4-a716-446655440008', 'FRIDAY', '09:00:00', '21:00:00'),
('550e8400-e29b-41d4-a716-446655440012', '550e8400-e29b-41d4-a716-446655440009', 'SATURDAY', '10:00:00', '22:00:00'),
('550e8400-e29b-41d4-a716-446655440013', '550e8400-e29b-41d4-a716-446655440009', 'SUNDAY', '10:00:00', '22:00:00');

-- Testidataa price-tauluun
INSERT INTO sauna_private.price (id, opening_hour_id, price_type, price) VALUES
('550e8400-e29b-41d4-a716-446655440005', '550e8400-e29b-41d4-a716-446655440002', 'ADULT', 10.00),
('550e8400-e29b-41d4-a716-446655440006', '550e8400-e29b-41d4-a716-446655440002', 'CHILD', 5.00),
('550e8400-e29b-41d4-a716-446655440007', '550e8400-e29b-41d4-a716-446655440004', 'ADULT', 12.00),
('550e8400-e29b-41d4-a716-446655440014', '550e8400-e29b-41d4-a716-446655440010', 'ADULT', 15.00),
('550e8400-e29b-41d4-a716-446655440015', '550e8400-e29b-41d4-a716-446655440010', 'CHILD', 7.50),
('550e8400-e29b-41d4-a716-446655440016', '550e8400-e29b-41d4-a716-446655440012', 'ADULT', 18.00),
('550e8400-e29b-41d4-a716-446655440017', '550e8400-e29b-41d4-a716-446655440012', 'CHILD', 9.00);